{"FY": [0.0, 950.1257593119378], 
"FZ": [-736.7866856932158, 355.6520076891918], 
"IA": [1.3662822858569643, 1.8101935258411255], 
"MZ": [0.0, 21.044330295180945],    
"P": [78.69566842125126, 13.226546054160938], 
"SA": [-0.3068438264848402, 4.191996981858599], 
"TSTC": [53.0389637982644, 6.5686040843755045], 
"V": [40.71403035731395, 7.719954142975534], 
"tire_dim1": [40.640000000000036, 1.5114687016635905e-10], 
"tire_dim2": [19.04999999999999, 1.1622364400672881e-10]}